{
    "pools": [
        {
            "rolls": 1,
            "entries": [
                {
                    "type": "item",
                    "name": "my_namespace:magic_siphon_sword",
                    "weight": 1,
                    "functions": [
                        {
                            "function": "set_count",
                            "count": 1
                        }
                    ]
                },
                {
                    "type": "loot_table",
                    "name": "minecraft:gameplay/fishing/junk"
                },
                {
                    "type": "loot_table",
                    "name": "minecraft:gameplay/fishing/treasure"
                },
                {
                    "type": "loot_table",
                    "name": "minecraft:gameplay/fishing/fish"
                }
            ]
        }
    ]
}