[{"isVirtual":false,"filePath":"projects/Helmet Night Vision/RP/attachables/netherite_nv_helmet.json","aliases":[],"requiredFiles":[],"updateFiles":[]},{"isVirtual":false,"filePath":"projects/Helmet Night Vision/RP/attachables/netherite_nv_helmet.player.json","aliases":[],"requiredFiles":[],"updateFiles":[]},{"isVirtual":false,"filePath":"projects/Helmet Night Vision/RP/attachables/netherite_nv_helmet_notch_helmet.json","aliases":[],"requiredFiles":[],"updateFiles":[]},{"isVirtual":false,"filePath":"projects/Helmet Night Vision/RP/attachables/netherite_nv_helmet_notch_helmet.player.json","aliases":[],"requiredFiles":[],"updateFiles":[]},{"isVirtual":false,"filePath":"projects/Helmet Night Vision/RP/biomes_client.json","aliases":[],"requiredFiles":[],"updateFiles":[]},{"isVirtual":false,"filePath":"projects/Helmet Night Vision/RP/blocks.json","aliases":[],"requiredFiles":[],"updateFiles":[]},{"isVirtual":false,"filePath":"projects/Helmet Night Vision/RP/entity/thrown_testtest.entity.json","aliases":[],"requiredFiles":["projects/Helmet Night Vision/BP/scripts/molang/**/*.[jt]s","projects/Helmet Night Vision/BP/molang/**/*.molang","projects/Helmet Night Vision/RP/molang/**/*.molang"],"updateFiles":[]},{"isVirtual":false,"filePath":"projects/Helmet Night Vision/RP/manifest.json","aliases":[],"requiredFiles":[],"updateFiles":[]},{"isVirtual":false,"filePath":"projects/Helmet Night Vision/RP/pack_icon.png","aliases":[],"requiredFiles":[],"updateFiles":[]},{"isVirtual":false,"filePath":"projects/Helmet Night Vision/RP/sounds/sound_definitions.json","aliases":[],"requiredFiles":[],"updateFiles":[]},{"isVirtual":false,"filePath":"projects/Helmet Night Vision/RP/sounds.json","aliases":[],"requiredFiles":[],"updateFiles":[]},{"isVirtual":false,"filePath":"projects/Helmet Night Vision/RP/texts/en_US.lang","aliases":[],"requiredFiles":[],"updateFiles":[]},{"isVirtual":false,"filePath":"projects/Helmet Night Vision/RP/texts/languages.json","aliases":[],"requiredFiles":[],"updateFiles":[]},{"isVirtual":false,"filePath":"projects/Helmet Night Vision/RP/textures/bridge.png","aliases":[],"requiredFiles":[],"updateFiles":[]},{"isVirtual":false,"filePath":"projects/Helmet Night Vision/RP/textures/flipbook_textures.json","aliases":[],"requiredFiles":[],"updateFiles":[]},{"isVirtual":false,"filePath":"projects/Helmet Night Vision/RP/textures/items/helmet_nv_helmet.png","aliases":[],"requiredFiles":[],"updateFiles":[]},{"isVirtual":false,"filePath":"projects/Helmet Night Vision/RP/textures/item_texture.json","aliases":[],"requiredFiles":[],"updateFiles":[]},{"isVirtual":false,"filePath":"projects/Helmet Night Vision/RP/textures/models/armor/d.png","aliases":[],"requiredFiles":[],"updateFiles":[]},{"isVirtual":false,"filePath":"projects/Helmet Night Vision/RP/textures/models/armor/netherite_nv.png","aliases":[],"requiredFiles":[],"updateFiles":[]},{"isVirtual":false,"filePath":"projects/Helmet Night Vision/RP/textures/models/armor/netherite_nv_1.png","aliases":[],"requiredFiles":[],"updateFiles":[]},{"isVirtual":false,"filePath":"projects/Helmet Night Vision/RP/textures/terrain_texture.json","aliases":[],"requiredFiles":[],"updateFiles":[]},{"isVirtual":false,"filePath":"projects/Helmet Night Vision/RP/ui/how_to_play_common.json","aliases":[],"requiredFiles":[],"updateFiles":[]},{"isVirtual":false,"filePath":"projects/Helmet Night Vision/BP/commands/toolbox/buildtext.js","aliases":["command#buildtext"],"requiredFiles":[],"updateFiles":["projects/Helmet Night Vision/BP/entities/player.json","projects/Helmet Night Vision/BP/entities/thrown_testtest.json","projects/Helmet Night Vision/BP/items/netherite_nv_helmet.json","projects/Helmet Night Vision/BP/items/netherite_nv_helmet_notch.json"]},{"isVirtual":false,"filePath":"projects/Helmet Night Vision/BP/commands/toolbox/compare.js","aliases":["command#compare"],"requiredFiles":[],"updateFiles":["projects/Helmet Night Vision/BP/entities/player.json","projects/Helmet Night Vision/BP/entities/thrown_testtest.json","projects/Helmet Night Vision/BP/items/netherite_nv_helmet.json","projects/Helmet Night Vision/BP/items/netherite_nv_helmet_notch.json"]},{"isVirtual":false,"filePath":"projects/Helmet Night Vision/BP/commands/toolbox/dropitem.js","aliases":["command#dropitem"],"requiredFiles":[],"updateFiles":["projects/Helmet Night Vision/BP/entities/player.json","projects/Helmet Night Vision/BP/entities/thrown_testtest.json","projects/Helmet Night Vision/BP/items/netherite_nv_helmet.json","projects/Helmet Night Vision/BP/items/netherite_nv_helmet_notch.json"]},{"isVirtual":false,"filePath":"projects/Helmet Night Vision/BP/commands/toolbox/explode.js","aliases":["command#explode"],"requiredFiles":[],"updateFiles":["projects/Helmet Night Vision/BP/entities/player.json","projects/Helmet Night Vision/BP/entities/thrown_testtest.json","projects/Helmet Night Vision/BP/items/netherite_nv_helmet.json","projects/Helmet Night Vision/BP/items/netherite_nv_helmet_notch.json"]},{"isVirtual":false,"filePath":"projects/Helmet Night Vision/BP/commands/toolbox/flip.js","aliases":["command#flip"],"requiredFiles":[],"updateFiles":["projects/Helmet Night Vision/BP/entities/player.json","projects/Helmet Night Vision/BP/entities/thrown_testtest.json","projects/Helmet Night Vision/BP/items/netherite_nv_helmet.json","projects/Helmet Night Vision/BP/items/netherite_nv_helmet_notch.json"]},{"isVirtual":false,"filePath":"projects/Helmet Night Vision/BP/commands/toolbox/kit.js","aliases":["command#kit"],"requiredFiles":[],"updateFiles":["projects/Helmet Night Vision/BP/entities/player.json","projects/Helmet Night Vision/BP/entities/thrown_testtest.json","projects/Helmet Night Vision/BP/items/netherite_nv_helmet.json","projects/Helmet Night Vision/BP/items/netherite_nv_helmet_notch.json"]},{"isVirtual":false,"filePath":"projects/Helmet Night Vision/BP/commands/toolbox/log.js","aliases":["command#log"],"requiredFiles":[],"updateFiles":["projects/Helmet Night Vision/BP/entities/player.json","projects/Helmet Night Vision/BP/entities/thrown_testtest.json","projects/Helmet Night Vision/BP/items/netherite_nv_helmet.json","projects/Helmet Night Vision/BP/items/netherite_nv_helmet_notch.json"]},{"isVirtual":false,"filePath":"projects/Helmet Night Vision/BP/commands/toolbox/mobwave.js","aliases":["command#mobwave"],"requiredFiles":[],"updateFiles":["projects/Helmet Night Vision/BP/entities/player.json","projects/Helmet Night Vision/BP/entities/thrown_testtest.json","projects/Helmet Night Vision/BP/items/netherite_nv_helmet.json","projects/Helmet Night Vision/BP/items/netherite_nv_helmet_notch.json"]},{"isVirtual":false,"filePath":"projects/Helmet Night Vision/BP/commands/toolbox/palette.js","aliases":["command#palette"],"requiredFiles":[],"updateFiles":["projects/Helmet Night Vision/BP/entities/player.json","projects/Helmet Night Vision/BP/entities/thrown_testtest.json","projects/Helmet Night Vision/BP/items/netherite_nv_helmet.json","projects/Helmet Night Vision/BP/items/netherite_nv_helmet_notch.json"]},{"isVirtual":false,"filePath":"projects/Helmet Night Vision/BP/commands/toolbox/random.js","aliases":["command#random"],"requiredFiles":[],"updateFiles":["projects/Helmet Night Vision/BP/entities/player.json","projects/Helmet Night Vision/BP/entities/thrown_testtest.json","projects/Helmet Night Vision/BP/items/netherite_nv_helmet.json","projects/Helmet Night Vision/BP/items/netherite_nv_helmet_notch.json"]},{"isVirtual":false,"filePath":"projects/Helmet Night Vision/BP/commands/toolbox/repeat.js","aliases":["command#repeat"],"requiredFiles":[],"updateFiles":["projects/Helmet Night Vision/BP/entities/player.json","projects/Helmet Night Vision/BP/entities/thrown_testtest.json","projects/Helmet Night Vision/BP/items/netherite_nv_helmet.json","projects/Helmet Night Vision/BP/items/netherite_nv_helmet_notch.json"]},{"isVirtual":false,"filePath":"projects/Helmet Night Vision/BP/commands/toolbox/rotate.js","aliases":["command#rotate"],"requiredFiles":[],"updateFiles":["projects/Helmet Night Vision/BP/entities/player.json","projects/Helmet Night Vision/BP/entities/thrown_testtest.json","projects/Helmet Night Vision/BP/items/netherite_nv_helmet.json","projects/Helmet Night Vision/BP/items/netherite_nv_helmet_notch.json"]},{"isVirtual":false,"filePath":"projects/Helmet Night Vision/BP/commands/toolbox/scoredetails.js","aliases":["command#scoredetails"],"requiredFiles":[],"updateFiles":["projects/Helmet Night Vision/BP/entities/player.json","projects/Helmet Night Vision/BP/entities/thrown_testtest.json","projects/Helmet Night Vision/BP/items/netherite_nv_helmet.json","projects/Helmet Night Vision/BP/items/netherite_nv_helmet_notch.json"]},{"isVirtual":false,"filePath":"projects/Helmet Night Vision/BP/commands/toolbox/shape.js","aliases":["command#shape"],"requiredFiles":[],"updateFiles":["projects/Helmet Night Vision/BP/entities/player.json","projects/Helmet Night Vision/BP/entities/thrown_testtest.json","projects/Helmet Night Vision/BP/items/netherite_nv_helmet.json","projects/Helmet Night Vision/BP/items/netherite_nv_helmet_notch.json"]},{"isVirtual":false,"filePath":"projects/Helmet Night Vision/BP/commands/toolbox/sudo.js","aliases":["command#sudo"],"requiredFiles":[],"updateFiles":["projects/Helmet Night Vision/BP/entities/player.json","projects/Helmet Night Vision/BP/entities/thrown_testtest.json","projects/Helmet Night Vision/BP/items/netherite_nv_helmet.json","projects/Helmet Night Vision/BP/items/netherite_nv_helmet_notch.json"]},{"isVirtual":false,"filePath":"projects/Helmet Night Vision/BP/commands/toolbox/toggletag.js","aliases":["command#toggletag"],"requiredFiles":[],"updateFiles":["projects/Helmet Night Vision/BP/entities/player.json","projects/Helmet Night Vision/BP/entities/thrown_testtest.json","projects/Helmet Night Vision/BP/items/netherite_nv_helmet.json","projects/Helmet Night Vision/BP/items/netherite_nv_helmet_notch.json"]},{"isVirtual":false,"filePath":"projects/Helmet Night Vision/BP/commands/toolbox/xpdisplay.js","aliases":["command#xpdisplay"],"requiredFiles":[],"updateFiles":["projects/Helmet Night Vision/BP/entities/player.json","projects/Helmet Night Vision/BP/entities/thrown_testtest.json","projects/Helmet Night Vision/BP/items/netherite_nv_helmet.json","projects/Helmet Night Vision/BP/items/netherite_nv_helmet_notch.json"]},{"isVirtual":false,"filePath":"projects/Helmet Night Vision/BP/components/item/bridge/itemEquippedSensor.js","aliases":["itemComponent#bridge:item_equipped_sensor"],"requiredFiles":[],"updateFiles":["projects/Helmet Night Vision/BP/entities/player.json"]},{"isVirtual":false,"filePath":"projects/Helmet Night Vision/BP/entities/player.json","aliases":["minecraft:player"],"requiredFiles":["itemComponent#bridge:item_equipped_sensor","projects/Helmet Night Vision/BP/commands/**/*.[jt]s","projects/Helmet Night Vision/BP/commands/*.[jt]s","projects/Helmet Night Vision/BP/scripts/molang/**/*.[jt]s","projects/Helmet Night Vision/BP/molang/**/*.molang","projects/Helmet Night Vision/RP/molang/**/*.molang"],"updateFiles":[]},{"isVirtual":false,"filePath":"projects/Helmet Night Vision/BP/entities/thrown_testtest.json","aliases":["bridge:thrown_testtest"],"requiredFiles":["projects/Helmet Night Vision/BP/commands/**/*.[jt]s","projects/Helmet Night Vision/BP/commands/*.[jt]s","projects/Helmet Night Vision/BP/scripts/molang/**/*.[jt]s","projects/Helmet Night Vision/BP/molang/**/*.molang","projects/Helmet Night Vision/RP/molang/**/*.molang"],"updateFiles":[]},{"isVirtual":false,"filePath":"projects/Helmet Night Vision/BP/functions/tick.json","aliases":[],"requiredFiles":[],"updateFiles":[]},{"isVirtual":false,"filePath":"projects/Helmet Night Vision/BP/items/netherite_nv_helmet.json","aliases":[],"requiredFiles":["projects/Helmet Night Vision/BP/commands/**/*.[jt]s","projects/Helmet Night Vision/BP/commands/*.[jt]s","projects/Helmet Night Vision/BP/scripts/molang/**/*.[jt]s","projects/Helmet Night Vision/BP/molang/**/*.molang","projects/Helmet Night Vision/RP/molang/**/*.molang"],"updateFiles":[]},{"isVirtual":false,"filePath":"projects/Helmet Night Vision/BP/items/netherite_nv_helmet_notch.json","aliases":[],"requiredFiles":["projects/Helmet Night Vision/BP/commands/**/*.[jt]s","projects/Helmet Night Vision/BP/commands/*.[jt]s","projects/Helmet Night Vision/BP/scripts/molang/**/*.[jt]s","projects/Helmet Night Vision/BP/molang/**/*.molang","projects/Helmet Night Vision/RP/molang/**/*.molang"],"updateFiles":[]},{"isVirtual":false,"filePath":"projects/Helmet Night Vision/BP/loot_tables/empty.json","aliases":[],"requiredFiles":[],"updateFiles":[]},{"isVirtual":false,"filePath":"projects/Helmet Night Vision/BP/manifest.json","aliases":[],"requiredFiles":[],"updateFiles":[]},{"isVirtual":false,"filePath":"projects/Helmet Night Vision/BP/pack_icon.png","aliases":[],"requiredFiles":[],"updateFiles":[]},{"isVirtual":false,"filePath":"projects/Helmet Night Vision/BP/recipes/netherite_nv.json","aliases":[],"requiredFiles":["projects/Helmet Night Vision/BP/scripts/molang/**/*.[jt]s","projects/Helmet Night Vision/BP/molang/**/*.molang","projects/Helmet Night Vision/RP/molang/**/*.molang"],"updateFiles":[]},{"isVirtual":false,"filePath":"projects/Helmet Night Vision/BP/recipes/netherite_nv_notch.json","aliases":[],"requiredFiles":["projects/Helmet Night Vision/BP/scripts/molang/**/*.[jt]s","projects/Helmet Night Vision/BP/molang/**/*.molang","projects/Helmet Night Vision/RP/molang/**/*.molang"],"updateFiles":[]},{"isVirtual":false,"filePath":"projects/Helmet Night Vision/BP/scripts/main.js","aliases":[],"requiredFiles":[],"updateFiles":[]},{"isVirtual":false,"filePath":"projects/Helmet Night Vision/BP/structures/bridge/buildtext_0.mcstructure","aliases":[],"requiredFiles":[],"updateFiles":[]},{"isVirtual":false,"filePath":"projects/Helmet Night Vision/BP/structures/bridge/buildtext_1.mcstructure","aliases":[],"requiredFiles":[],"updateFiles":[]},{"isVirtual":false,"filePath":"projects/Helmet Night Vision/BP/structures/bridge/buildtext_2.mcstructure","aliases":[],"requiredFiles":[],"updateFiles":[]},{"isVirtual":false,"filePath":"projects/Helmet Night Vision/BP/structures/bridge/buildtext_3.mcstructure","aliases":[],"requiredFiles":[],"updateFiles":[]},{"isVirtual":false,"filePath":"projects/Helmet Night Vision/BP/structures/bridge/buildtext_4.mcstructure","aliases":[],"requiredFiles":[],"updateFiles":[]},{"isVirtual":false,"filePath":"projects/Helmet Night Vision/BP/structures/bridge/buildtext_5.mcstructure","aliases":[],"requiredFiles":[],"updateFiles":[]},{"isVirtual":false,"filePath":"projects/Helmet Night Vision/BP/structures/bridge/buildtext_6.mcstructure","aliases":[],"requiredFiles":[],"updateFiles":[]},{"isVirtual":false,"filePath":"projects/Helmet Night Vision/BP/structures/bridge/buildtext_7.mcstructure","aliases":[],"requiredFiles":[],"updateFiles":[]},{"isVirtual":false,"filePath":"projects/Helmet Night Vision/BP/structures/bridge/buildtext_8.mcstructure","aliases":[],"requiredFiles":[],"updateFiles":[]},{"isVirtual":false,"filePath":"projects/Helmet Night Vision/BP/structures/bridge/buildtext_9.mcstructure","aliases":[],"requiredFiles":[],"updateFiles":[]},{"isVirtual":false,"filePath":"projects/Helmet Night Vision/BP/structures/bridge/buildtext_a.mcstructure","aliases":[],"requiredFiles":[],"updateFiles":[]},{"isVirtual":false,"filePath":"projects/Helmet Night Vision/BP/structures/bridge/buildtext_asterisk.mcstructure","aliases":[],"requiredFiles":[],"updateFiles":[]},{"isVirtual":false,"filePath":"projects/Helmet Night Vision/BP/structures/bridge/buildtext_b.mcstructure","aliases":[],"requiredFiles":[],"updateFiles":[]},{"isVirtual":false,"filePath":"projects/Helmet Night Vision/BP/structures/bridge/buildtext_bracket_close.mcstructure","aliases":[],"requiredFiles":[],"updateFiles":[]},{"isVirtual":false,"filePath":"projects/Helmet Night Vision/BP/structures/bridge/buildtext_bracket_open.mcstructure","aliases":[],"requiredFiles":[],"updateFiles":[]},{"isVirtual":false,"filePath":"projects/Helmet Night Vision/BP/structures/bridge/buildtext_c.mcstructure","aliases":[],"requiredFiles":[],"updateFiles":[]},{"isVirtual":false,"filePath":"projects/Helmet Night Vision/BP/structures/bridge/buildtext_caret.mcstructure","aliases":[],"requiredFiles":[],"updateFiles":[]},{"isVirtual":false,"filePath":"projects/Helmet Night Vision/BP/structures/bridge/buildtext_colon.mcstructure","aliases":[],"requiredFiles":[],"updateFiles":[]},{"isVirtual":false,"filePath":"projects/Helmet Night Vision/BP/structures/bridge/buildtext_comma.mcstructure","aliases":[],"requiredFiles":[],"updateFiles":[]},{"isVirtual":false,"filePath":"projects/Helmet Night Vision/BP/structures/bridge/buildtext_d.mcstructure","aliases":[],"requiredFiles":[],"updateFiles":[]},{"isVirtual":false,"filePath":"projects/Helmet Night Vision/BP/structures/bridge/buildtext_dash.mcstructure","aliases":[],"requiredFiles":[],"updateFiles":[]},{"isVirtual":false,"filePath":"projects/Helmet Night Vision/BP/structures/bridge/buildtext_divide.mcstructure","aliases":[],"requiredFiles":[],"updateFiles":[]},{"isVirtual":false,"filePath":"projects/Helmet Night Vision/BP/structures/bridge/buildtext_dot.mcstructure","aliases":[],"requiredFiles":[],"updateFiles":[]},{"isVirtual":false,"filePath":"projects/Helmet Night Vision/BP/structures/bridge/buildtext_doublequote.mcstructure","aliases":[],"requiredFiles":[],"updateFiles":[]},{"isVirtual":false,"filePath":"projects/Helmet Night Vision/BP/structures/bridge/buildtext_e.mcstructure","aliases":[],"requiredFiles":[],"updateFiles":[]},{"isVirtual":false,"filePath":"projects/Helmet Night Vision/BP/structures/bridge/buildtext_equals.mcstructure","aliases":[],"requiredFiles":[],"updateFiles":[]},{"isVirtual":false,"filePath":"projects/Helmet Night Vision/BP/structures/bridge/buildtext_exclamation.mcstructure","aliases":[],"requiredFiles":[],"updateFiles":[]},{"isVirtual":false,"filePath":"projects/Helmet Night Vision/BP/structures/bridge/buildtext_f.mcstructure","aliases":[],"requiredFiles":[],"updateFiles":[]},{"isVirtual":false,"filePath":"projects/Helmet Night Vision/BP/structures/bridge/buildtext_g.mcstructure","aliases":[],"requiredFiles":[],"updateFiles":[]},{"isVirtual":false,"filePath":"projects/Helmet Night Vision/BP/structures/bridge/buildtext_h.mcstructure","aliases":[],"requiredFiles":[],"updateFiles":[]},{"isVirtual":false,"filePath":"projects/Helmet Night Vision/BP/structures/bridge/buildtext_hashtag.mcstructure","aliases":[],"requiredFiles":[],"updateFiles":[]},{"isVirtual":false,"filePath":"projects/Helmet Night Vision/BP/structures/bridge/buildtext_i.mcstructure","aliases":[],"requiredFiles":[],"updateFiles":[]},{"isVirtual":false,"filePath":"projects/Helmet Night Vision/BP/structures/bridge/buildtext_j.mcstructure","aliases":[],"requiredFiles":[],"updateFiles":[]},{"isVirtual":false,"filePath":"projects/Helmet Night Vision/BP/structures/bridge/buildtext_k.mcstructure","aliases":[],"requiredFiles":[],"updateFiles":[]},{"isVirtual":false,"filePath":"projects/Helmet Night Vision/BP/structures/bridge/buildtext_l.mcstructure","aliases":[],"requiredFiles":[],"updateFiles":[]},{"isVirtual":false,"filePath":"projects/Helmet Night Vision/BP/structures/bridge/buildtext_m.mcstructure","aliases":[],"requiredFiles":[],"updateFiles":[]},{"isVirtual":false,"filePath":"projects/Helmet Night Vision/BP/structures/bridge/buildtext_n.mcstructure","aliases":[],"requiredFiles":[],"updateFiles":[]},{"isVirtual":false,"filePath":"projects/Helmet Night Vision/BP/structures/bridge/buildtext_o.mcstructure","aliases":[],"requiredFiles":[],"updateFiles":[]},{"isVirtual":false,"filePath":"projects/Helmet Night Vision/BP/structures/bridge/buildtext_p.mcstructure","aliases":[],"requiredFiles":[],"updateFiles":[]},{"isVirtual":false,"filePath":"projects/Helmet Night Vision/BP/structures/bridge/buildtext_percent.mcstructure","aliases":[],"requiredFiles":[],"updateFiles":[]},{"isVirtual":false,"filePath":"projects/Helmet Night Vision/BP/structures/bridge/buildtext_period.mcstructure","aliases":[],"requiredFiles":[],"updateFiles":[]},{"isVirtual":false,"filePath":"projects/Helmet Night Vision/BP/structures/bridge/buildtext_plus.mcstructure","aliases":[],"requiredFiles":[],"updateFiles":[]},{"isVirtual":false,"filePath":"projects/Helmet Night Vision/BP/structures/bridge/buildtext_q.mcstructure","aliases":[],"requiredFiles":[],"updateFiles":[]},{"isVirtual":false,"filePath":"projects/Helmet Night Vision/BP/structures/bridge/buildtext_question.mcstructure","aliases":[],"requiredFiles":[],"updateFiles":[]},{"isVirtual":false,"filePath":"projects/Helmet Night Vision/BP/structures/bridge/buildtext_quote.mcstructure","aliases":[],"requiredFiles":[],"updateFiles":[]},{"isVirtual":false,"filePath":"projects/Helmet Night Vision/BP/structures/bridge/buildtext_r.mcstructure","aliases":[],"requiredFiles":[],"updateFiles":[]},{"isVirtual":false,"filePath":"projects/Helmet Night Vision/BP/structures/bridge/buildtext_s.mcstructure","aliases":[],"requiredFiles":[],"updateFiles":[]},{"isVirtual":false,"filePath":"projects/Helmet Night Vision/BP/structures/bridge/buildtext_semicolon.mcstructure","aliases":[],"requiredFiles":[],"updateFiles":[]},{"isVirtual":false,"filePath":"projects/Helmet Night Vision/BP/structures/bridge/buildtext_slash.mcstructure","aliases":[],"requiredFiles":[],"updateFiles":[]},{"isVirtual":false,"filePath":"projects/Helmet Night Vision/BP/structures/bridge/buildtext_t.mcstructure","aliases":[],"requiredFiles":[],"updateFiles":[]},{"isVirtual":false,"filePath":"projects/Helmet Night Vision/BP/structures/bridge/buildtext_tilde.mcstructure","aliases":[],"requiredFiles":[],"updateFiles":[]},{"isVirtual":false,"filePath":"projects/Helmet Night Vision/BP/structures/bridge/buildtext_times.mcstructure","aliases":[],"requiredFiles":[],"updateFiles":[]},{"isVirtual":false,"filePath":"projects/Helmet Night Vision/BP/structures/bridge/buildtext_u.mcstructure","aliases":[],"requiredFiles":[],"updateFiles":[]},{"isVirtual":false,"filePath":"projects/Helmet Night Vision/BP/structures/bridge/buildtext_underscore.mcstructure","aliases":[],"requiredFiles":[],"updateFiles":[]},{"isVirtual":false,"filePath":"projects/Helmet Night Vision/BP/structures/bridge/buildtext_v.mcstructure","aliases":[],"requiredFiles":[],"updateFiles":[]},{"isVirtual":false,"filePath":"projects/Helmet Night Vision/BP/structures/bridge/buildtext_verticalLine.mcstructure","aliases":[],"requiredFiles":[],"updateFiles":[]},{"isVirtual":false,"filePath":"projects/Helmet Night Vision/BP/structures/bridge/buildtext_w.mcstructure","aliases":[],"requiredFiles":[],"updateFiles":[]},{"isVirtual":false,"filePath":"projects/Helmet Night Vision/BP/structures/bridge/buildtext_x.mcstructure","aliases":[],"requiredFiles":[],"updateFiles":[]},{"isVirtual":false,"filePath":"projects/Helmet Night Vision/BP/structures/bridge/buildtext_y.mcstructure","aliases":[],"requiredFiles":[],"updateFiles":[]},{"isVirtual":false,"filePath":"projects/Helmet Night Vision/BP/structures/bridge/buildtext_z.mcstructure","aliases":[],"requiredFiles":[],"updateFiles":[]},{"isVirtual":false,"filePath":"projects/Helmet Night Vision/BP/texts/en_US.lang","aliases":[],"requiredFiles":[],"updateFiles":[]},{"isVirtual":false,"filePath":"projects/Helmet Night Vision/BP/texts/languages.json","aliases":[],"requiredFiles":[],"updateFiles":[]}]