{
	"format_version": "1.10",
	"minecraft:item": {
		"description": {
			"identifier": "my_namespace:magic_siphon_sword",
			"category": "equipment",
			"is_experimental": false
		},
		"components": {
			"minecraft:icon": "magic_siphon_sword",
			"minecraft:damage": {
				"damage_chance": 0.5
			},
			"minecraft:enchantable": {
				"value": 30,
				"slot": "sword"
			},
			"minecraft:attack": {
				"damage": 7
			},
			"minecraft:durability": {
				"max_durability": 500
			}
		},
		"events": {
			"on_player_attack": {
				"run_command": {
					"command": "/execute @s[hasitem={item=my_namespace:magic_siphon_sword}] ~ ~ ~ run event @s magic_siphon",
					"target": "@s"
				}
			}
		}
	}
}