{
	"format_version": "1.16.100",
	"minecraft:entity": {
		"description": {
			"identifier": "pog:player_corpse",
			"is_spawnable": true,
			"is_summonable": true,
			"is_experimental": false,
			"animations": {
				"basic": "controller.animation.poggy.player_death",
				"drop_dust": "animation.player_corpse.pickup.items"
			},
			"scripts": {
				"animate": [
					"basic",
					"drop_dust"
				]
			}
		},
		"components": {
			"minecraft:variant": {
				"value": 0
			},
			"minecraft:timer": {
				"time": 21,
				"looping": false,
				"time_down_event": {
					"event": "decay_stage_1",
					"target": "self"
				}
			},
			"minecraft:physics": {
				"has_gravity": true,
				"has_collision": true
			},
			"minecraft:breathable": {
				"breathes_air": true,
				"breathes_water": true,
				"breathes_lava": true,
				"breathes_solids": true,
				"generates_bubbles": false
			},
			"minecraft:pushable": {
				"is_pushable": false
			},
			"minecraft:push_through": {
				"value": 1
			},
			"minecraft:health": {
				"value": 1,
				"max": 0
			},
			"minecraft:mark_variant": {
				"value": 0
			},
			"minecraft:knockback_resistance": {
				"value": 999,
				"max": 0
			},
			"minecraft:item_hopper": {},
			"minecraft:collision_box": {
				"height": 2,
				"width": 2
			},
			"minecraft:custom_hit_test": {
				"hitboxes": [
					{
						"width": 2,
						"height": 2,
						"pivot": [
							0,
							1,
							0
						]
					}
				]
			},
			"minecraft:floats_in_liquid": {},
			"minecraft:nameable": {
				"allow_name_tag_renaming": false,
				"always_show": true
			},
			"minecraft:inventory": {
				"container_type": "inventory",
				"inventory_size": 72,
				"restrict_to_owner": false
			},
			"minecraft:fire_immune": {},
			"minecraft:behavior.equip_item": {
				"priority": 15
			},
			"minecraft:damage_sensor": {
				"triggers": [
					{
						"on_damage": {
							"filters": {
								"all_of": [
									{
										"test": "has_damage",
										"subject": "player",
										"operator": "==",
										"value": "attack"
									}
								]
							}
						}
					},
					{
						"cause": "all",
						"deals_damage": false
					}
				]
			}
		},
		"component_groups": {
			"marked": {
				"minecraft:variant": {
					"value": 1
				}
			},
			"transform_entity": {
				"minecraft:mark_variant": {
					"value": 1
				},
				"minecraft:timer": {
					"time": 1.3,
					"looping": false,
					"time_down_event": {
						"event": "delete_corpse",
						"target": "self"
					}
				},
				"minecraft:damage_sensor": {
					"triggers": [
						{
							"on_damage": {
								"filters": {
									"all_of": [
										{
											"test": "has_damage",
											"subject": "player",
											"operator": "==",
											"value": "entity_attack"
										}
									]
								}
							},
							"cause": "entity_attack",
							"deals_damage": false
						}
					]
				}
			},
			"delete_corpse": {
				"minecraft:transformation": {
					"drop_equipment": false,
					"drop_inventory": true,
					"keep_level": false,
					"keep_owner": false,
					"preserve_equipment": false,
					"into": "minecraft:xp_orb"
				}
			},
			"variant_1": {
				"minecraft:timer": {
					"time": 21,
					"looping": false,
					"time_down_event": {
						"event": "decay_stage_2",
						"target": "self"
					}
				},
				"minecraft:variant": {
					"value": 1
				}
			},
			"variant_2": {
				"minecraft:timer": {
					"time": 21,
					"looping": false,
					"time_down_event": {
						"event": "decay_stage_3",
						"target": "self"
					}
				},
				"minecraft:variant": {
					"value": 2
				}
			},
			"variant_3": {
				"minecraft:variant": {
					"value": 3
				}
			},
			"add_tag": {
				"minecraft:environment_sensor": {
					"triggers": [
						{
							"filters": {
								"test": "has_tag",
								"value": "test"
							},
							"event": "test",
							"target": "player"
						}
					]
				}
			}
		},
		"events": {
			"decay_stage_1": {
				"add": {
					"component_groups": [
						"variant_1"
					]
				}
			},
			"decay_stage_2": {
				"add": {
					"component_groups": [
						"variant_2"
					]
				}
			},
			"decay_stage_3": {
				"add": {
					"component_groups": [
						"variant_3"
					]
				}
			},
			"marked": {
				"add": {
					"component_groups": [
						"marked"
					]
				}
			},
			"delete_corpse": {
				"add": {
					"component_groups": [
						"delete_corpse"
					]
				},
				"run_command": {
					"command": [
						"loot spawn ~ ~4 ~ loot \"decayed_bone.loottable\""
					]
				}
			},
			"minecraft:entity_spawned": {
				"run_command": {
					"command": [
						"tp @e[type=item, r=8] @e[type=pog:player_corpse, r=8]"
					]
				}
			},
			"taged": {
				"add": {
					"component_groups": [
						"add_tag"
					]
				}
			},
			"entity_transform": {
				"add": {
					"component_groups": [
						"transform_entity"
					]
				}
			}
		}
	}
}