{
    "pools": [
        {
            "rolls": 1,
            "entries": [
                {
                    "type": "item",
                    "name": "my_namespace:magic_siphon_sword",
                    "weight": 1,
                    "functions": [
                        {
                            "function": "set_count",
                            "count": 1
                        }
                    ]
                },
                {
                    "type": "loot_table",
                    "name": "minecraft:chests/simple_dungeon",
                    "weight": 99
                }
            ]
        }
    ]
}